num_unit1,num_unit2,lr,loss
2816,2816,0.000188775,0.010852679
3328,3328,0.000548682,0.00725127
768,3840,0.000100542,0.035740886
3328,3328,0.000486929,0.020621836
768,3328,0.000564927,0.008642409
768,1792,0.00081715,0.012258858
3840,1792,0.000719657,0.017829325
3840,2304,0.000953858,0.007711303
1792,3840,0.000336528,0.008412953
2816,2816,0.000998933,0.007469051
3328,2304,0.000670042,0.019682601
1792,768,0.000281314,0.019685173
2816,2816,0.000816794,0.00720293
2304,1280,0.000626553,0.00773339
3328,2816,0.000838229,0.020552715
3840,3328,0.000777173,0.016631935
2304,2304,0.000530122,0.007624784
2816,2816,0.000910766,0.007470075
2816,2816,0.000991877,0.01080393
3328,3328,0.000855421,0.019088613
2816,2304,0.000730656,0.006986058
3328,1792,0.000728583,0.00729549
2304,2304,0.000644102,0.012060716
3840,256,0.000440379,0.021875814
1792,1280,0.000578672,0.008194316
