num_unit1,lr,loss
3840,0.000223064,0.015910711
4864,0.000882288,0.009468222
3328,0.000816574,0.008911351
7936,0.000382262,0.008558737
1792,0.000689409,0.009885595
4864,0.000631596,0.008652655
3328,0.00063846,0.008859568
7936,0.000880543,0.010839857
5888,0.00093905,0.009711083
4864,0.00064073,0.008702432
7936,0.00026665,0.02105744
6400,0.000403624,0.008707876
256,1.57E-06,0.370596558
6912,0.000433845,0.008654643
1280,0.000286027,0.018307358
7424,0.000529609,0.021371517
5376,9.14E-05,0.015317574
2304,0.000482783,0.010429926
6400,0.000730385,0.009313342
256,0.000559748,0.033535305
4352,0.000339028,0.00922429
