num_unit_1,num_unit_2,num_unit3,lr,loss
2048,256,512,0.0009734,0.008697523
1024,2048,2048,0.000394985,0.013204891
1024,4096,256,0.000851363,0.008608594
256,1024,4096,0.000807078,0.009468782
2048,512,4096,0.000821446,0.020252096
1024,2048,4096,9.53E-06,0.187203243
512,256,1024,0.000221404,0.059864186
1024,2048,256,0.000375631,0.029910259
1024,512,4096,0.000846662,0.014778779
1024,512,2048,0.000920859,0.01686932
4096,4096,256,0.000653819,0.007717766
4096,4096,256,0.000624112,0.023343218
4096,4096,256,0.000642024,0.019223245
4096,4096,256,0.000652989,0.009650002
256,4096,256,0.00071839,0.015970629
512,4096,256,0.000504049,0.014228376
4096,4096,1024,0.000996056,0.020924058
4096,1024,512,0.000532459,0.040310692
256,4096,256,0.000744836,0.021864645
1024,4096,256,0.000900027,0.008615173
4096,256,2048,0.000362113,0.018765962
1024,4096,256,0.000904457,0.008786708
1024,4096,256,0.000753366,0.019788137
1024,4096,256,0.000893465,0.033367377
1024,4096,256,0.000987207,0.008432163
512,1024,1024,0.000610328,0.033352643
2048,4096,512,0.000694108,0.009014017
1024,4096,256,0.000979452,0.01965254
4096,4096,256,0.000570341,0.014952562
2048,256,512,0.000785652,0.027771464
1024,4096,256,0.000994577,0.008310233
1024,4096,256,0.000975386,0.019011863
1024,4096,256,0.000992556,0.008340505
1024,4096,256,0.000997177,0.008177739
1024,2048,2048,0.000228186,0.052858118
1024,4096,256,0.000933908,0.031562414
256,1024,256,0.000860134,0.049534652
1024,512,256,8.50E-05,0.113012195
1024,4096,4096,0.000442244,0.021011658
2048,2048,1024,0.000808194,0.008294811
2048,2048,1024,0.000795238,0.022453438
2048,2048,1024,0.000849693,0.008187488
2048,2048,1024,0.000836468,0.012404219
2048,2048,1024,0.000935454,0.021320259
2048,2048,1024,0.000682919,0.022118112
2048,2048,1024,0.00086262,0.008162627
2048,2048,1024,0.000784879,0.025504654
2048,2048,1024,0.000839283,0.02144805
2048,2048,1024,0.000730687,0.016617294
2048,2048,1024,0.000595146,0.015478605
